<?xml version="1.0" encoding="UTF-8"?>
<!DOCTYPE mapper PUBLIC "-//mybatis.org//DTD Mapper 3.0//EN"
 "http://mybatis.org/dtd/mybatis-3-mapper.dtd">
 
<mapper namespace="rm">
		
	<select id="recipelist" resultType="recipedto">
		SELECT * FROM RECIPETB ORDER BY RNUMBER ASC
	</select>
	
	<insert id="recipewrite" parameterType="recipedto">
		INSERT INTO RECIPETB(RNUMBER, RNAME, RTITLE, RCONTENTS, RCATEGORY, RPERSON, RTAG, RPRICE, RFILENAME, RLEVEL, RHITS, RLIKES)	
			VALUES(R_NUM_SEQ.NEXTVAL, #{rname}, #{rtitle}, #{rcontents}, #{rcategory}, #{rperson}, #{rtag}, #{rprice}, #{rfilename}, #{rlevel}, 0, 0)
	</insert>
	
	<select id="recipewritenumber" resultType="int">
		SELECT MAX(RNUMBER) FROM RECIPETB
	</select>
	
	<insert id="materialwrite" parameterType="materialdto">
		INSERT INTO MATERIALTB(MTNUMBER, MTRNUMBER, MTNAME, MTVOLUME)
			VALUES(MT_NUM_SEQ.NEXTVAL, #{mtrnumber}, #{mtname}, #{mtvolume})	
	</insert>
	
	<insert id="orderwrite" parameterType="orderdto">
		INSERT INTO ORDERTB(ONUMBER, ORNUMBER, OFILENAME, OCONTENTS)
			VALUES(O_NUM_SEQ.NEXTVAL, #{ornumber}, #{ofilename}, #{ocontents})
	</insert>
	
	<select id="recipeview" parameterType="int" resultType="recipedto">
		SELECT * FROM RECIPETB WHERE RNUMBER=#{rnumber}
	</select>
	
	<select id="materialview" parameterType="int" resultType="materialdto">
		SELECT * FROM MATERIALTB WHERE MTRNUMBER=#{rnumber}
	</select>
	
	<select id="orderview" parameterType="int" resultType="orderdto">
		SELECT * FROM ORDERTB WHERE ORNUMBER=#{rnumber}
	</select>
	
	<update id="updatehits" parameterType="recipedto">
		UPDATE RECIPETB SET RHITS=#{rhits} WHERE RNUMBER=#{rnumber}
	</update>
	
	<insert id="recipereportprocess" parameterType="reportdto"> 
		INSERT INTO REPORTTB(RPNUMBER, RPRNUMBER, RPNAME, RPCONTENTS, RPCHECK, RPANSWER)
			VALUES(RP_NUM_SEQ.NEXTVAL, #{rprnumber}, #{rpname}, #{rpcontents}, #{rpcheck}, #{rpanswer})
	</insert>
	
	<delete id="recipedelete" parameterType="int">
		DELETE FROM RECIPETB WHERE RNUMBER=#{rnumber}
	</delete>
	
	<select id="reciperanking" resultType="recipedto">
		SELECT * FROM RECIPETB ORDER BY RHITS DESC
	</select>
	
	<select id="recipesearch" parameterType="String" resultType="recipedto">
		SELECT * FROM RECIPETB
			WHERE RTITLE LIKE '%'||#{keyword}||'%'
	</select>
	
	<select id="totalreport" parameterType="reportdto" resultType="String">
		SELECT * FROM REPORTTB
	</select>
	
	<select id="myrecipelist" parameterType="recipedto" resultType="String">
		SELECT * FROM RECIPETB WHERE RNAME=#{rname}
	</select>
	
	<select id="myreport" parameterType="reportdto" resultType="String">
		SELECT * FROM REPORTTB WHERE RPNAME=#{rpname} 
	</select>
	
	<!-- <select id="mybuyrecipe" parameterType="purchaserdto" resultType="String">
		SELECT * FROM PURCHASERTB WHERE PNAME=#{pname}
	</select> -->
</mapper>