<?xml version="1.0" encoding="UTF-8"?>
<beans xmlns="http://www.springframework.org/schema/beans"
	xmlns:xsi="http://www.w3.org/2001/XMLSchema-instance"
	xmlns:jdbc="http://www.springframework.org/schema/jdbc"
	xmlns:tx="http://www.springframework.org/schema/tx"
	xmlns:aop="http://www.springframework.org/schema/aop"
	xsi:schemaLocation="http://www.springframework.org/schema/jdbc http://www.springframework.org/schema/jdbc/spring-jdbc.xsd
		http://www.springframework.org/schema/beans http://www.springframework.org/schema/beans/spring-beans.xsd
		http://www.springframework.org/schema/aop http://www.springframework.org/schema/aop/spring-aop.xsd
		http://www.springframework.org/schema/tx http://www.springframework.org/schema/tx/spring-tx.xsd">

	<bean id="dataSource" 
		class="org.springframework.jdbc.datasource.DriverManagerDataSource">
		<property name="driverClassName" value="oracle.jdbc.driver.OracleDriver"/>
		<property name="url" value="jdbc:oracle:thin:@localhost:1521:XE" />
		<property name="username" value="recipe"/>
		<property name="password" value="1234"/>
	</bean>
	
	<bean id="sqlSessionFactory" class="org.mybatis.spring.SqlSessionFactoryBean">
		<property name="dataSource" ref="dataSource"/>
		<property name="configLocation" value="classpath:/mybatis-config.xml" />
		<property name="mapperLocations" value="classpath:recipe/shop/mall/dao/mapper/*.xml" />
	</bean>
	
	<bean id="sqlSession" class="org.mybatis.spring.SqlSessionTemplate">
		<constructor-arg name="sqlSessionFactory" ref="sqlSessionFactory" />
	</bean>
	
	<bean id="transactionManager" 
		class="org.springframework.jdbc.datasource.DataSourceTransactionManager">
		<property name="dataSource" ref="dataSource" />
	</bean>
	
	<bean id="multipartResolver" 
	class="org.springframework.web.multipart.commons.CommonsMultipartResolver">
		<property name="defaultEncoding" value="UTF-8" />
		<property name="maxUploadSize" value="10000000" />
		
	</bean>		
	
	<!-- gmail설정 -->
	<bean id="mailSender2" class="org.springframework.mail.javamail.JavaMailSenderImpl"> 
     <property name="host" value="smtp.gmail.com" />
     <property name="port" value="587" />
 	<property name="username" value=""/> <!-- 자신의 이메일 아이디 -->
 	<property name="password" value=""/> <!-- 자신의 비밀번호 -->
 <!-- 보안연결 TLS과 관련된 설정 -->
     <property name="javaMailProperties">
   	 <props>
       <prop key="mail.smtp.auth">true</prop>
       <prop key="mail.smtp.starttls.enable">true</prop>
    </props>
     </property>
</bean>
	
	<tx:annotation-driven transaction-manager="transactionManager"/>
		
</beans>