<?xml version="1.0" encoding="UTF-8"?>
<!DOCTYPE configuration PUBLIC "-//mybatis.org//DTD Config 3.0//EN"
 "http://mybatis.org/dtd/mybatis-3-config.dtd">
<configuration>
	<settings> 
    	<setting name="cacheEnabled" value="false" />
    	<setting name="jdbcTypeForNull" value="NULL" />
	</settings>
	<typeAliases>
		<typeAlias type="com.cafe.board.dto.MemberDTO" alias="memberdto"/>
		<typeAlias type="com.cafe.board.dto.ContentsDTO" alias="contentsdto"/>
		<typeAlias type="com.cafe.board.dto.BoardDTO" alias="boarddto"/>
		<typeAlias type="com.cafe.board.dto.ContentsPageDTO" alias="contentspagedto"/>
		<typeAlias type="com.cafe.board.dto.BoardPageDTO" alias="boardpagedto"/>
		<typeAlias type="com.cafe.board.dto.LikeDTO" alias="likedto"/>
	</typeAliases>
	
</configuration>
